{
  "feature": 6,
  "value": 0.3402272985890962,
  "gain": 0.45039343945160304,
  "true_branch": {
    "feature": 8,
    "value": 0.5997689962387085,
    "gain": 0.17087467220065228,
    "true_branch": [
      "1",
      1.0
    ],
    "false_branch": {
      "feature": 12,
      "value": 0.7926850318908691,
      "gain": 0.9182958340544896,
      "true_branch": [
        "0",
        1.0
      ],
      "false_branch": [
        "1",
        1.0
      ]
    }
  },
  "false_branch": {
    "feature": 10,
    "value": 0.0032766356598585844,
    "gain": 0.171690871745806,
    "true_branch": {
      "feature": 9,
      "value": 0.13285678625106812,
      "gain": 0.3442231065543929,
      "true_branch": [
        "1",
        1.0
      ],
      "false_branch": {
        "feature": 14,
        "value": 0.9507153630256652,
        "gain": 0.25119545718244635,
        "true_branch": {
          "feature": 11,
          "value": 1.6678251568764155,
          "gain": 0.863120568566631,
          "true_branch": [
            "0",
            1.0
          ],
          "false_branch": [
            "1",
            1.0
          ]
        },
        "false_branch": {
          "feature": 7,
          "value": 0.9783396953664734,
          "gain": 0.1537118041489491,
          "true_branch": {
            "feature": 13,
            "value": 0.6766643524169922,
            "gain": 0.3059584928680418,
            "true_branch": [
              "0",
              0.833
            ],
            "false_branch": [
              "1",
              1.0
            ]
          },
          "false_branch": [
            "0",
            1.0
          ]
        }
      }
    },
    "false_branch": [
      "0",
      1.0
    ]
  }
}