{
    "feature": 6,
    "value": 0.3227762906016481,
    "gain": 0.5285399205004775,
    "true_branch": [
        "1",
        1.0
    ],
    "false_branch": {
        "feature": 9,
        "value": 0.13285678625106812,
        "gain": 0.13113582195608647,
        "true_branch": {
            "feature": 10,
            "value": 0.009199532680213451,
            "gain": 0.44643934467101554,
            "true_branch": {
                "feature": 14,
                "value": 0.4729112088680267,
                "gain": 0.2935644431995964,
                "true_branch": [
                    "1",
                    1.0
                ],
                "false_branch": {
                    "feature": 13,
                    "value": 0.6773213148117065,
                    "gain": 1.0,
                    "true_branch": [
                        "0",
                        1.0
                    ],
                    "false_branch": [
                        "1",
                        1.0
                    ]
                }
            },
            "false_branch": [
                "0",
                1.0
            ]
        },
        "false_branch": {
            "feature": 12,
            "value": 1.431247353553772,
            "gain": 0.012677543212734073,
            "true_branch": {
                "feature": 11,
                "value": 1.5018382934502152,
                "gain": 0.5032583347756457,
                "true_branch": [
                    "0",
                    1.0
                ],
                "false_branch": [
                    "1",
                    1.0
                ]
            },
            "false_branch": {
                "feature": 8,
                "value": 0.9562930464744568,
                "gain": 0.004989400946742745,
                "true_branch": {
                    "feature": 7,
                    "value": 0.9799536853067696,
                    "gain": 0.04439703273289094,
                    "true_branch": [
                        "0",
                        1.0
                    ],
                    "false_branch": [
                        "0",
                        0.8
                    ]
                },
                "false_branch": [
                    "0",
                    1.0
                ]
            }
        }
    }
}