{
    "feature": 9,
    "value": 0.1323869675397873,
    "gain": 0.44595960973445814,
    "true_branch": {
        "feature": 13,
        "value": 0.13465508818626404,
        "gain": 0.10001731278058909,
        "true_branch": [
            "1",
            1.0
        ],
        "false_branch": {
            "feature": 14,
            "value": 0.5169669985771179,
            "gain": 1.0,
            "true_branch": [
                "0",
                1.0
            ],
            "false_branch": [
                "1",
                1.0
            ]
        }
    },
    "false_branch": {
        "feature": 6,
        "value": 0.4033367268427332,
        "gain": 0.16496540949766395,
        "true_branch": {
            "feature": 10,
            "value": 0.13921356201171875,
            "gain": 0.6193821946787638,
            "true_branch": [
                "0",
                1.0
            ],
            "false_branch": [
                "1",
                1.0
            ]
        },
        "false_branch": {
            "feature": 12,
            "value": 1.431247353553772,
            "gain": 0.05601050073642379,
            "true_branch": {
                "feature": 11,
                "value": 1.5018382934502152,
                "gain": 0.3671026561027332,
                "true_branch": {
                    "feature": 7,
                    "value": 1.5773303919123305,
                    "gain": 0.07994626912344333,
                    "true_branch": [
                        "0",
                        1.0
                    ],
                    "false_branch": {
                        "feature": 8,
                        "value": 1.5458737611770632,
                        "gain": 0.25767880510333147,
                        "true_branch": [
                            "1",
                            1.0
                        ],
                        "false_branch": [
                            "0",
                            0.9
                        ]
                    }
                },
                "false_branch": [
                    "1",
                    1.0
                ]
            },
            "false_branch": [
                "0",
                0.99
            ]
        }
    }
}